alkohol;opis;aromat;smak;finisz;zdjecie;rodzina;historia;czy wyœwietlaæ
Aberlour 12;Dojrzewa 12 lat w beczkach po burbonie i po sherry oloroso. Nastêpnie whisky jest ze sob¹ mieszana w proporcjach 1 do 1.;bogaty i zbalansowany, gruszki, jab³ka, suszone œliwki, orzechy w³oskie, wióry dêbowe i oddech ziemi po deszczu.;gorzka czekolada, cynamon, imbir, nuty sherry.;rozgrzewaj¹cy, pocz¹tkowo s³odki, po chwili pikantny z nutami miêty.;aberlour12.jpg;Aberlour;0;1
Aberlour 16;Dojrzewa w dwóch rodzajach beczek: po bourbonie oraz po sherry Oloroso. Beczka po bourbonie nadaje whisky s³odki, waniliowy smak, zaœ Oloroso nuty korzenne i owocowe. Kiedy destylaty z obydwu beczek osi¹gn¹ po¿¹dany wiek, zostaj¹ ze sob¹ wymieszane, dziêki czemu uzyskiwana whisky zyskuje bogatszy smak i aromat.;przyjemna, lotna, ale nie ostra, potê¿ne suszone owoce, œliwki, morele, czekolada.;œrednio oleista i delikatna;s³odka, czekolada mleczna, orzechy, lekko pieprzna;aberlour16.jpg;Aberlour;0;1
Aberlour 18;Dojrzewa w dwóch rodzajach beczek: po bourbonie 70% oraz po sherry Oloroso 30%. Beczka po bourbonie nadaje whisky s³odki, waniliowy smak, zaœ Oloroso nuty korzenne i owocowe. Kiedy destylaty z obydwu beczek osi¹gn¹ po¿¹dany wiek, zostaj¹ ze sob¹ wymieszane, dziêki czemu uzyskiwana whisky zyskuje bogatszy smak i aromat. Podstawowym za³o¿eniem destylarni jest to aby w ich whisky dominowa³a nuta jab³ka i czarnej porzeczki, zaœ smak zbo¿a powinien zostaæ zneutralizowany. 18 lat w beczkach po bourbonie i po sherry Oloroso nada zdecydowanie innej s³odyczy ni¿ uraczyæ mo¿emy w m³odszych edycjach. Aberlour 18 YO jest jedwabisty i maœlany w smaku, ale i dêbinowy. Podniebienia koneserów na pewno pozytywnie przyjm¹ t¹ whisky.;bogaty i pe³ny, mleczna czekolada, toffi, brzoskwinie, gorzkie pomarañcze, nuty sherry i dêbu.;bogaty i zrównowa¿any, soczyste morele, cynamon, ga³ka muszkato³owa, œlady dêbu i wytrawionej skóry.;niezwykle d³ugi, creme brul?e i w koñcówce dêbowa goryczka.;aberlour18.jpg;Aberlour;0;1
Aberlour A’bunadh;A'Bunadh (z gaelickiego “pochodzenie”) to whisky z destylarnia Aberlour, próbuj¹ca oddaæ charakter whisky z koñca XIX wieku. Wi¹¿e siê z ni¹ ciekawa historia. Ponoæ podczas remontu destylarnii w 1975 roku, znaleziono kapsu³ê czasu zamurowan¹ za tabliczk¹ z nazw¹ destylarni. Sk³ada³a siê ona z butelki whisky z 1898 roku, zawiniêt¹ w gazetê z tego¿ samego roku z artyku³em o po¿arze w destylarnii. Bytelka zosta³a w czterech pi¹tych skonsumowana podczas przerwy œniadaniowej przez robotników, reszta zaœ zosta³a wys³ana na badania w laboratorium. A'Bunadh jest w³aœnie wzorowana na tym znalezisku. Cask Strength sk³adaj¹cy siê z destylatów, dojrzewaj¹cych w beczkach po sherry oloroso, o wieku od piêciu do dwudziestu piêciu lat.;kremowa, s³odka i czekoladowa, podszyta znamiennymi dla Aberlour suszonymi owocami.;oleista i delikatna;dobrze wywa¿ona, odrobina melasa, wyraŸny wp³yw sherry, szybko zdobywa ca³y jêzyk i trwa na nim d³ugim czekoladowym finiszem i rodzynkow¹ s³odycz¹. Mocno rozgrzewaj¹ca co w mocy ponad 60% ABV nie jest ¿adnym zaskoczeniem.;aberlour_abunadh.jpg;Aberlour;0;1
Aberlour A’bunadh Alba;W odró¿nieniu od klasycznej wersji Aberlour A’Bunadh wprowadzonej w 2019 roku edycja Alba le¿akowa³a w zdecydowanej wiêkszoœci w wyselekcjonowanych beczkach po bourbonie 100% z 1-go nape³nienia , a w niewielkim tylko stopniu w typowych dla marki beczkach po sherry oloroso. Do s³odowania wykorzystano lokalny jêczmieñ ze Speyside. Butelkowana z moc¹ beczek, ka¿dy batch z inna moc¹. Niefiltrowana na zimno dziêki czemu zachowuje ca³e aromatyczne bogactwo i pe³niejszy smak o charakterystycznej, lekko kremowej teksturze.;s³odkie owoce sadu – œwie¿e, zielone jab³ka i soczyste gruszki, uzupe³nione delikatnymi akordami lawendowego miodu, g³adkiego kremu waniliowego i orzeŸwiaj¹cego sorbetu cytrynowego.;pikantnie cytrusowy pocz¹tek, przechodz¹cy w bogaty akcent maœlanych ciasteczek i pieczonych jab³ek, który ustêpuje s³odkim migda³om w cukrze.;g³adki i s³odki, z nut¹ pra¿onych migda³ów.;aberlour_abunadh_alba.jpg;Aberlour;0;1
Absolut;Klasyczna odmiana wódki Absolut;0;wyrazisty, pe³ny i wielowymiarowy, a jednoczeœnie g³adki i aksamitny, z wyrazist¹ nut¹ ziarna i wyczuwalnym na zakoñczenie akcentem suszonych owoców.;0;absolut.jpg;Absolut;0;1
Absolut Pears;Produkowana wy³¹cznie na bazie naturalnych sk³adników i w odró¿nieniu od innych wódek smakowych w ogóle nie zawiera cukru. Absolut Pears smakuje jak œwie¿e, delikatne, dojrza³e gruszki z d³ugim owocowym posmakiem na zakoñczenie.;0;0;0;absolut_pears.jpg;Absolut;0;1
Absolut Elyx;Jest rêcznie destylowana w miedzianej kadzi z 1921 roku, obs³ugiwanej przez wyselekcjonowan¹ grupê rzemieœlników, spadkobierców wiedzy i ekspertyzy przekazanej przez ca³e pokolenia wytwórców szwedzkiej wódki. Dziêki niezwyk³ym w³aœciwoœciom miedzi, z której wykonano nasz¹ kadŸ, powstaje naturalnie oczyszczona wódka o wysoko cenionej jedwabistej konsystencji i smaku.;Czysty, bogaty i pe³ny zapach œwie¿ego chleba z nut¹ bia³ej czekolady i zbo¿a z delikatnym pikantnym akcentem.;Pe³na i jedwabista z posmakiem orzechów makadamii, zbo¿a z nut¹ bia³ej maœlanej czekolady i œwie¿o upieczonego chleba. Lekka nuta œwie¿ych orzechów z odrobin¹ pikantnych zió³ i doskonale wywa¿ony pe³ny smak.;Delikatny pikantny smak ze œwie¿ym orzechowym akcentem i œwietnie wywa¿onym g³adkim finiszem.;absolut_elyx.jpg;Absolut;0;1
Absolut Extrakt;Wyrazisty i przepyszny, ³¹cz¹cy w sobie jedyn¹ w swoim rodzaju wódkê Absolut z ciep³ym, pikantnym smakiem zielonego kardamonu. Jest on ukoronowaniem szwedzkiej historii, stanowi¹c nowoczesne wydanie tradycyjnego szwedzkiego sznapsa.;0;0;0;absolut_extrakt.jpg;Absolut;0;1
Amaretto;Ciemnobr¹zowy w³oski likier o gorzkim smaku i zapachu migda³ów. Kompozycja zawiera winogrona, migda³y orzechy (lub nasion moreli), wanilia, przyprawy i zio³a. Tradycyjny obszar produkcji - miasto Saronno, po³o¿ony w prowincji Lombardii.;0;0;0;amaretto.jpg;Amaretto;0;1
Amaro Averna;Averna powstaje z olejków eterycznych cytryny i pomarañczy, granatu, które dodawane s¹ do alkoholu bazowego. Po d³ugotrwa³ej maceracji dodawany jest karmel. G³êboki rdzawy br¹z. Nuty coli, skórki pomarañczowej, lukrecji i wanilii. S³odki z delikatn¹ i subteln¹ goryczk¹. Jest kwaœniejsza od Amaro Lucano.;0;0;0;averna.jpg;Amaro;Averna to w³oski likier z rodziny bitterów (gorzkawy, zio³owy likier) pochodz¹cy z Caltanissetty na Sycylii. Nazwa trunku pochodzi od Salvatore Averna, który w 1868 roku zacz¹³ wytwarzaæ likier o w³aœciwoœciach terapeutycznych i tonizuj¹cych. Jego receptura pochodzi od mnichów z Zakonu Cystersów i zosta³a przekazana Salvatore w podziêkowaniu za hojne darowizny na rzecz opactwa.;1
Amaro Lucano;Proces przygotowania dzieli siê na siedem etapów: selekcjê, infuzjê, przetwarzanie, sekret, kontrolê, mieszanie i butelkowanie. Zio³a s¹ naturalnie suszone i rozdrabnianie. W procesie produkcji likieru uczestniczy woda, cukier, czysty alkohol i karmel. Kolor mahoniowy.;0;Œrednia s³odycz z zio³ow¹ goryczk¹ i nutami cynamonu, lukrecji i karmelu.;0;lucano.jpg;Amaro;Tworzony jest wed³ug starej tajnej receptury, przekazywanej z pokolenia na pokolenie. Receptura likieru Amaro Lucano po dzisiejszy dzieñ pozostaje tajemnic¹ rodziny Vena. Dziêki umiejêtnemu mieszaniu ponad 30 rodzajów zió³ miêdzy innymi aloesu ferox, korzenia arcydziêgla, gorzkiej pomarañczy, bzu czarnego, goryczki, krwawnika pi¿ma, sza³wii, pio³unu. Likier tworzony jest z dok³adnie wybieranych najlepszych zió³.;1
Amaro Montenegro;Sk³ada siê z najrzadszych i najcenniejszych zió³, czemu zawdziêcza swój wyj¹tkowy smak;wyczuwalna skórka pomarañczy, suszona kolendra, wiœnie i œwie¿y ogórek;pocz¹tkowo s³odki, lecz szybko zmienia siê w lekk¹ goryczkê z nut¹ cytrusów;0;amaromontenegro.png;Amaro;Wyprodukowany po raz pierwszy w 1885 roku w Bolonii.;1
Fernet Branca;Fernet Branca to likier sporz¹dzony z 27 ró¿nych zió³ oraz przypraw takich jak: szafran, mirra, liœcie koki, aloes, kardamon i kora chininowa, pochodz¹cych z czterech kontynentów.;0;0;0;fernetbranca.jpg;Amaro;"Likier którego sekretna receptura siêga 1846 roku. Bazuje on na wyci¹gu z unikalnej mieszanki wyselekcjonowanych kwiatów oraz rzadkich, wyj¹tkowych aromatycznych zió³. Beczki z ekstraktem s¹ starannie i d³ugo starzone w zabytkowych piwnicach Branca.

Likier którego sekretna receptura siêga 1846 roku. Bazuje on na wyci¹gu z unikalnej mieszanki wyselekcjonowanych kwiatów oraz rzadkich, wyj¹tkowych aromatycznych zió³. Beczki z ekstraktem s¹ starannie i d³ugo starzone w zabytkowych piwnicach Branca.

";1
Punt e mes;"Wermut stworzony w 1870 roku, którego nazwa pochodzi od mediolañskiego terminu gie³dowego, który t³umaczy siê jako ""pó³tora punktu"". Wytwarza siê go poprzez dodanie do bia³ego wina ponad czterdziestu zió³ i przypraw, w tym skórki pomarañczowej i chininy. Tradycyjnie podawany z lodem, niewielk¹ iloœci¹ wody sodowej i plasterkiem pomarañczy, w towarzystwie ciemnej, bogatej w kakao czekolady.";0;0;0;puntemes.png;Amaro;0;1
Angel's Envy;"""Angel's envy"" odnosi siê do destylatu pozosta³ego w beczce. (W USA 4-5% rocznie)";Wanilia, karmel, syrop klonowy, jagody, mleczna czekolada.;Budyñ waniliowy, karmel, toffi, rodzynki.;Œrednio d³ui, nuty mieszanych jagów karmelu i pieprzu.;angelsenvy.jpg;Angel's Envy;0;1
Ardbeg 10yo;Zatorfienie Ardbeg wynosi oko³o 50 ppm jest to zatem whisky bardzo torfowa. Jej torfowoœæ jest jednak bardziej kontrolowana ni¿ np. w bezpardonowo torfowym Laphroaig. Sekretem destylarni Ardbeg jest tak¿e „purifier” (jak okropnym s³owem w jêzyku polskim jest „oczyszczalnik!). £abêdzia szyja alembika po³¹czona jest z jego doln¹ czêœci¹. Oznacza to, ¿e najmniej lotne zwi¹zki, które dostaj¹ siê do wyjœcia z alembika s¹ zawracane do ponownej destylacji. Nadaje to whisky nieco delikatniejszy profil i t³umaczy bardziej poskromiony charakter torfu.;W pierwszej chwili torf, który jednak szybko ustêpuje miejsca delikatniejszym aromatom. Miód, owoce i jodowe powietrze.;Mocne uderzenie dymu, który ³¹czy siê silnym i przyjemnym finiszem za poœrednictwem wyraŸnie wyczuwalnej pieprznoœci. W zrównowa¿ony sposób przechodzi ona w przyjemny, silnie torfowy finisz, który trawa d³ugo.;0;ardbeg.jpg;Ardbeg;0;1
Bacardi OCHO;Dojrzewa przez 8 lat w beczkach dêbowych.;delikatny z akcentami gruszek, jab³ek, Œwierzej trawy, tytoniu i ziela angielskiego.;S³odki, z nutami starej skóry, suszonych œliwek, moreli, syropu klonowego, gaki muszkato³owej, wanilii.;d³ugi, z nutami przypraw i dêbiny.;bacardi_ocho.jpg;Bacardi;0;1
Bacardi 10;Bacardi Gran Res Diez to rum na bazie melasy, dojrzewany przez 10 lat w mocno wypalanych dêbowych beczkach po amerykañskim burbonie. Przed butelkowaniem poddany jest filtracji przez warstwê wêgla drzewnego.;wanilia, karmel, owoce, nuta dymu.;wanilia, dêbina, banany, gruszki, karmel.;d³ugi z nutami dêbiny.;bacardi10.jpg;Bacardi;0;1
Ballantine's Finest;Powstaje z 40 ró¿nych whisky. Single Malty wykorzystane w w jego kupa¿owaniu to: Glenburgie, Miltonduff i Scapa.;przyjemny, s³odki, gruszkowy, zbo¿owy;oleisty, s³odki, zbo¿owy, bez zbêdnego alkoholu;s³odkawy, mniej alkoholowy;ballantines_finest.jpg;Ballantine's;Ballantine’s to whisky typu blended, w której sk³ad wchodzi ponad 40 rodzajów szkockich whisky z czterech regionów Szkocji: Speyside, Highlands, Islay oraz Lowlands. Na jej charakter szczególnie wp³ywaj¹ whisky s³odowe powstaj¹ce w jednej z najstarszych destylarni w regionie Speyside, a mianowicie Glenburgie nadaj¹cej mieszance smak jab³ek i gruszek. Miltonduff – kolejna destylarnia uzupe³nia Ballantine’s o nuty kwiatowe, zio³owe oraz dodaje delikatn¹ nutê wanilii. Z kolei malt whisky powstaj¹ce w destylarni Scapa nadaj¹ jej kremow¹ s³odycz.;1
Ballantine’s 12;Starszy przedstawiciel rodziny, którego kompozycja zawiera ponad czterdzieœci sk³adników, przy czym ka¿dy dojrzewa w beczkach z bia³ego amerykañskiego dêbu przez okres minimum 12 lat.;owocowo-floralny, miód, wanilia, p³atki zbo¿owe, jab³ka, winogrona, gruszki, mieszanka orzechowa, œlady marcepanu i dêbu.;³agodny, orzeszki pra¿one w miodzie, wanilia, toffi, mleczna czekolada, cappuccino, agrest, jab³ka, d¹b i ulotna dymna nutka.;œrednio d³ugi, delikatny, z nutami miodu, wanilii, skórki pomarañczowej, orzechów w³oskich, dêbu i œladem torfu.;ballantines12.jpg;Ballantine's;0;1
Ballantine’s 17;Szkocka whisky, z³o¿ona z destylatów s³odowych i zbo¿owych o minimum 17-letniej maturacji;delikatnie dymny, miód, karmel, wanilia, grzanka z mas³em, gruszki, rodzynki, d¹b;wanilia, toffi, miód, mleczna czekolada, karmel, pieczone jab³ka i gruszki, cynamon, d¹bi ulotna nutka dymu.;doœæ d³ugi, z nutami miodu, walilii, suszonych zió³, odrobin¹ siana i tytoniu, dêbu w mniejszym stopniu torfu.;ballantines17.jpg;Ballantine's;0;1
Ballantine’s Glenburgie;Single malt starzony przez 15 lat w beczkach z bia³ego dêbu amerykañskiego.;przyjemnie zbalansowany, jab³ka, gruszki, œliwki, wanilia, miód, marcepan, landryny, mleczne krówki i odrobina skórki pomarañczowej.;s³odki, owocowy, pomarañcze, melon, jab³ka, gruszka z mas³em, miód, krem waniliowy, bia³a czekolada.;doœæ d³ugi, s³odki, wanilia, toffi, d¿em pomarañczowy i jab³ka.;ballantines15.jpg;Ballantine's;0;1
Ballantine's The Miltonduff;Miltonduff jest sercem ka¿dego ballantine’s. Single malt starzony przez 15 lat w beczkach z bia³ego dêbu amerykañskiego.;jesienne liœcie, siano, bukiet suchych kwiatów, œlad lukrecji i cynamonu, szczypta pieprzu, suszone jab³ka i lekka nutka migda³owa.;³agodny, delikatne nuty floralne, trochê siana, szarlotka poprószona cynamonem, trawa cytrynowa, goŸdziki i œlad lukrecji.;doœæ d³ugi i pikantny, z nut¹ bia³ego pieprzu, siana, trawy cytrynowej i suszonych jab³ek.;ballantines_milton.jpg;Ballantine's;0;1
Balvenie 14YO Caribbean Cask;Balvenie 14YO Caribbean Cask dojrzewa w tradycyjnych dêbowych beczkach, nastêpnie przelewana jest do beczek po rumie z Karaibów, gdzie nabiera dodatkowych nut zapachowych i smakowych.;Bogaty aromat owoców tropikalnych z dodatkiem kremowego toffi.;Wanilia, nuty jab³ek, mango oraz pomarañczy w tle.;D³ugi, kremowy i waniliowy.;Balvenie-14yo-Caribbean.jpg;Balvenie;0;1
Bank’s 5 blend;Rum Banks 5 to mieszanka 21 rumów, pochodz¹cych z 6 ró¿nych destylarni zlokalizowanych na 5 wyspach - Trynidad, Jamajka, Gujana, Barbados i Jawa. Dojrzewa³y one od 3 do 12 lat w dêbowych beczkach. W jego przyprawowo-owocowym bukiecie odnajdziemy tak¿e akcenty melasy, zio³owe, trawiaste, pieprzu, dêbiny, zielonej herbaty, cytrusów.;0;0;0;banksblend.jpg;Bank’s 5 Blend;0;1
Beefeater;Wytwarzany jest ze spirytusu zbo¿owego z dodatkiem 9 zió³ i roœlin: skórki z pomarañczy Sewilla, skórki z cytryny, ja³owca, nasion kolendry, korzenia arcydziêgla, lukrecji, nasion arcydziêgla, korzenia irysa i migda³ów. Pocz¹tkowo sk³adniki macerowane s¹ w spirytusie, w miedzianych alembikach, nastêpnie zawartoœæ jest podgrzewana i nastêpuje proces destylacji.;intensywny z nutami ja³owca, cytrusów, lukrecji i arcydziêgla.;wyraŸny i mocny z nutami ja³owca, skórki cytrusowej, pomarañczy i arcydziêgla.;œrednio d³ugi z wyraŸnym akcentem ja³owca;beefeater.jpg;Beefeater;0;1
Beefeater 24;Wytwarzany jest ze spirytusu zbo¿owego z dodatkiem 12 zió³ i roœlin: japoñskiej herbaty Sencha, chiñskiej zielonej herbaty, skórki grejpfrutów, skórki z pomarañczy Sewilla, skórki z cytryny, ja³owca, nasion kolendry, korzenia arcydziêgla, lukrecji, nasion arcydziêgla, korzenia irysa i migda³ów. Gin nosi nazwê „24”, poniewa¿ wszystkie sk³adniki, przed destylacj¹, s¹ macerowane przez 24 godziny w spirytusie.;bogaty z nutami ja³owca, kolendry, arcydziêgla, skórki cytrusowej, irysa, migda³ów i azjatyckich herbat.;intensywny z przewag¹ ja³owca i nutami lukrecji, arcydziêgla, cytrusów, kolendry i pikantnych przypraw.;d³ugi i wytrawny z posmakiem arcydziêgla, ja³owca i cytrusów.;beefeater24.jpg;Beefeater;0;1
Bumbu;U¿yta trzcina cukrowa z Barbadosu zapewnia miêkk¹ i s³odk¹ teksturê oraz nuty wanilii i banana. Dziêki dodatkom naturalnych przypraw powstaje doskona³y profil smakowy, który spe³nia wymagania najwiêkszych koneserów owego trunku. Mocno wyczuwalne s¹ nuty banana, karmelu, cynamonu, orzechów, dêbu i wanilii.;0;0;0;bumbu-rum-the-original.jpg;Bumbu;Bumbu Rum to doskona³y rum rzemieœlniczy butelkowany na Barbadosie, w sk³ad którego wchodz¹ destylaty pochodz¹ce z oœmiu ró¿nych krajów : Barbadosu, Belize, Brazylii, Kostaryki, Dominikany, Salwadoru, Gujany i Hondurasu. Ca³a mieszanka dojrzewa przez okres 15 lat w beczkach u¿ywanych wczeœniej do maturacji Bourbonu z Kentucky. Wyj¹tkowo czysta woda u¿yta do produkcji tego doskona³ego trunku, oraz minera³y zawarte w trzcinie cukrowej znacznie zwiêkszaj¹ jakoœæ rumu i wp³ywaj¹ znacz¹co na paletê aromatyczno – smakow¹.;1
Bumbu XO;D³ugi okres dojrzewania nadaje rumowi zapach, któremu trudno siê oprzeæ: charakterystyczne aromaty wanilii, palonego dêbu oraz toffee. Smak natomiast zaskakuje prawdziwie egzotycznymi karaibskimi niuansami: wyczuwalne nuty kawy, przypraw i skórki pomarañczy.;0;0;0;bumbu_xo.png;Bumbu;Rum Bumbu XO produkowany jest w dzia³aj¹cej od 120 lat panamskiej destylarni. Lokalnie zbierana trzcina cukrowa przetwarzana jest na melasê, która z kolei destylowana jest czyst¹ wod¹ Ÿródlan¹. Wyprodukowany trunek dojrzewa potem 18 lat w zrobionych z bia³ego dêbu beczkach po bourbonie, a finiszowany jest przez krótki okres czasu w importowanych z Andaluzji beczkach po sherry – równie¿ wykonanych z bia³ego dêbu.;1
Campari;Niezmienna do dziœ, tajna receptura stworzona przez Gaspara Campari w 1860 roku z 60 zió³ i innych botanikalsów. Rubinowo-czerwony kolor. Jasna gorzka pomarañcza zaokr¹glona lekkimi nutami kwiatowymi i zio³ow¹ lesistoœci¹.;0;0;0;campari.jpg;Campari;0;1
Capel Pisco;Pisco jest destylowane z winogron gatunku Alexandria Muscatel. produkowany w miedzianych alembikach i butelkowany bez le¿akowania jako owoc jednokrotnej destylacji. Pisco produkowane jest w tej chwili w Chile i Peru. Oba kraje tocz¹ zaciêty spór o pochodzenie tego alkoholu. Na nosie pisco jest œwie¿e, lotne, winogronowe i cytrusowe, a na jêzyku rozgrzewaj¹ce, oleiste, pieprzne no i oczywiœcie mocno rozgrzewaj¹ce;0;0;0;capel.jpg;Capel Pisco;0;1
Chambord;Królewski likier na bazie koniaku z dodatkiem malin, je¿yn, miodu i wanilii, powsta³y ponoæ w Dolinie Loary pod koniec XVII wieku. Dominuj¹ w nim s³odko-kwaœne czerwone owoce (maliny, poziomki, porzeczki) oraz naturalnie skoncentrowane owoce leœne (zw³aszcza je¿yny), delikatnie ¿ywiczne. WyraŸnie wyczuwalny jest miód, w tle nuty koniaku, wanilii i dêbu.;0;0;0;chambord.jpg;Chambord;0;1
Chartreuse Verte;Chartreuse to francuski likier 55% wytwarzany przez kartuskich mnichów od roku 1605. Sk³ada siê z destylowanego alkoholu (na bazie wina) le¿akuj¹cego w dêbowych beczkach ze 130 ekstraktami zio³owymi a jego naturalnie zielony kolor pochodzi z chlorofilu.;0;0;0;verte.jpg;Chartreuse;0;1
Chartreuse Jaune;Francuski likier 40% wytwarzany przez kartuskich mnichów od roku 1605. Sk³ada siê z destylowanego alkoholu (na bazie wina) le¿akuj¹cego w dêbowych beczkach ze 130 ekstraktami zio³owymi. Jaœniejszy, ¿ó³ty kolor wynika z u¿ycia wiêkszej iloœci miodu i szafranu. Smak bardziej miodowo-kwiatowy od verte.;0;0;0;jaune.png;Chartreuse;0;1
Chivas Regal 12;Do jej wytworzenia wykorzystuje siê 35 destylatów z ró¿nych regionów Szkocji. G³ównym sk³adnikiem s¹ destylaty z gorzelni Strathisla z regionu Speyside.;kremowy i maœlany z nutami wanilii, any¿u, cytryn, toffi, banana, wiór dêbowych i czarnej porzeczki.;bogaty i kremowy z nutami banana, s³odu jêczmiennego, ziela angielskiego, orzech w³oskiego i karmelu.;lekki z nutami przypraw i s³odkiego zbo¿a.;chivas12.jpg;Chivas;0;1
Chivas Regal Extra;Kolekcja mistrza Chivasa Colina Scotta, który tym razem opar³ formu³ê na komponentach starzonych w beczkach po sherry Oloroso przez 10 lat.;wyraŸne nuty sherry, œliwki, pieczone jab³ka, mleczna czekolada, karmel, nuty cynamonowe i orzechowe.;miêkki, karmel, marcepan, toffi,, cynamon, kandyzowany imbir i lekka goryczka dêbu.;œrednio d³ugi, ³agodny, z nutami kakao, karmelu, suszonych œliwek i dêbowych tanin.;chivas13.jpg;Chivas;0;1
Chivas Regal Mizunara;Podstaw¹ jest Chivas 12 z którego czêœæ destylatów finiszowana jest w beczkach z dêbu japoñskiego mizunara. D¹b mizunara jest porowaty, roœnie bardzo wolno, st¹d te¿ jest bardzo drogi i rzadko wykorzystywany w œwiecie whisky. Beczki s¹ dodatkowo nacinane by zwiêkszyæ oddzia³ywanie tanin beczki.;s³odki i owocowy, morele, mandarynki, kokos, miód, wanilia, orzechy w³oskie, œlad zió³ i tytoniu i lekka woñ kwiatów jab³oni.;owocowy z nut¹ pikantn¹, wanilia, orzeszki pra¿one w miodzie, morele, banany, wiórki kokosowe, kandyzowany imbir, szczypta pieprzu, cynamonu i lukrecji.;œrednio d³ugi, z nutami karmelu, toffi, wanilii, pieprzu i dêbowych tanin.;chivas_mizunara.jpg;Chivas;0;1
Chivas regal XV;Starzona przez nie mniej ni¿ 15 lat finiszowana w beczkach po koniaku pochodz¹cych z dystryktu Grande Champagne.;bogaty i s³odki, silne tony duszonych czerwonych jab³ek, domowy d¿em pomarañczowy, miód, cynamon i soczyste su³tanki (rodzynki).;nieprawdopodobnie ³agodny, owocowy, gotowane gruszki, mleczne krówki i karmelowe toffi.;harmonijnie zbalansowany z nutami wanilii.;chivas15.jpg;Chivas;0;1
Chivas Regal 18;18 jest dzie³em Colina Scotta mistrza kupa¿u Chivasa.;bogaty, miód, toffi, mleczna czekolada, pomarañcze, banany, czereœnie, rodzynki, pra¿one orzeszki, nuty cedru i dêbu.;³agodny, owocowy, karmel, wanilia, miód, mleczne krówki, rodzynki, ananas, odrobina kakao i odleg³a nutka dymna.;doœæ d³ugi i koj¹cy, z nutami s³odkich suszonych owoców, mlecznej czekolady, miodu i odrobina dymu.;chivas18.jpg;Chivas;0;1
Chivas Regal 25;Ekskluzywna kompozycja najbardziej wyszukanych szkockich whisky, z których najm³odsze le¿akowa³y co najmniej 25 lat. Chivas Regal 25yo zosta³a wprowadzona na rynek w 1909 r.;bogaty, owocowy, czereœnie, truskawki, brzoskwinie, rodzynki, toffi, krem waniliowy, cynamon, trawa cytrynowa, œlad dêbu.;miêkki, grzanka z mas³em, wanilia, toffi, d¿em pomarañczowy, ananasy, kandyzowany imbir, bia³y pieprz, odrobina any¿u i przyjemna goryczka dêbu.;doœæ d³ugi, z nutami pomarañczy, bananów, mlecznej czekolady, wanilii, pieprzu, mieszanki zio³owych przypraw i dêbu;chivas25.jpg;Chivas;0;1
Chivas Regal ULTIS;Formu³a whisky wymienia piêæ single maltów symbolizuj¹cych piêciu mistrzów kupa¿u Chivas Regal. Charles Howard, Charles Julian, Allan Baile, Jimmy Lang i obecny kustosz Colin Scott. Wiêkszoœæ destylatów pochodzi z beczek po burbonie pierwszego nape³nienia.;0;0;0;chivas_ultis.jpg;Chivas;"Tormore wniós³ bogate nuty pomarañczowe i cytrusowe
Longmorn do³o¿y³ waniliê i toffi oraz lekko kremow¹ strukturê
Strathisla, serce Chivasa, to zniewalaj¹ce tony slodowe i owocowe oraz subtelna s³odycz
Allt A’Bhainne dostarczy delikatnej pikanternii i tonów s³odowych, które nadaj¹ blêdowi subtelnoœci i balansu
Braeval doda³ whisky œwie¿oœci, nut floralnych, miodowych i skórzanych czyni¹c jej paletê niezwykle harmonijn¹ i kompleksow¹";1
Cointreau;PrzeŸroczysty likier pomarañczowy, charakteryzuje siê ³agodnym i wyrazistym smakiem s³odko-gorzkich skórek pomarañczy i koniaku, unikatow¹ cech¹ jest reakcja na ch³ód - w temperaturze pokojowej jest krystalicznie przezroczysty, po oziêbieniu zaœ lub dodaniu lodu pojawiaj¹ siê w nim piêknie opalizuj¹ce chmurki.;0;0;0;cointreau.jpg;Cointreau;0;1
Cointreau Noir;Po³¹czenie Cointreau oraz koniaku Remy Martin. Uwodzi on swoj¹ œwie¿oœci¹, aromatem pomarañczy z aksamitnie g³adk¹ nut¹ koniaku. Master Distiller wzbogaci³ oryginaln¹ recepturê dodaj¹c do maceracji odrobinê orzechów i migda³ów, co przynosi jeszcze bardziej wyrafinowane aromaty i smaki. Odrobina pikanterii, zaokr¹glona z nutami wanilii, miodu, orzechów i migda³ów;0;0;0;cointreau-noir.jpg;Cointreau;0;1
Colombian Ortodoxy;Gin produkowany jest na bazie spirytusu trzciny cukrowej z dodatkiem jagód ja³owca, zió³, korzeni, przypraw, roœlin i cytrusów.;wywa¿ony ze s³odko-kwaœnymi tonami i nutami œwie¿ych zió³, korzeni, ja³owca, arcydziêgla, cynamonu i imbiru.;g³adki i przyjemny z akcentami cytrusów, pieprzu, ja³owca, zió³, korzeni, przypraw.;d³ugi i przyjemny z nutami przypraw i cytrusów.;colombian_ortodoxy.jpg;Colombian;0;1
Colombian Treasure;Jedyny w swoim rodzaju gin z destylatu trzciny cukrowej z domieszk¹ zió³, przypraw, korzeni i cytrusów. Starzony przez 35 tygodni w beczkach po rumie Dictador, dziêki czemu zyskuje unikatowy charakter, kolor i wyrazisty smak. Barwa Pe³na, wyrazista, bursztynu z refleksami z³ota. Wyró¿nia go aromat mandarynki i cytryny, œwie¿e botaniczne nuty miêty i pieprzu oraz subtelne s³odkie niuanse pochodz¹ce z drewna i jagód.;0;0;0;colombian_treasure.jpg;Colombian;0;1
Dewar's 15;Kreacja mistrzyni kupa¿u Stephanie Mcleod, której formu³a wymienia oko³o 40 whisky starzonych niemal wy³¹cznie w beczkach po burbonie i po sherry.;³agodny z subteln¹ nut¹ sherry, miód, karmel, jab³ka, œliwki, wiórki kokosowe, kandyzowana skórka cytrynowa i odleg³y œlad dymu.;³agodny i s³odki, miód, wanilia, mleczne krówki, pomarañcze, morele, szczypta bia³ego pieprzu i subtelna goryczka dêbu.;œrednio d³ugi, z nutami wanilii, dêbu i cytrusów.;dewars15.jpg;Dewar's;0;1
Deveron 12;The Deveron 12 yo to bardzo ciekawy single malt pochodz¹cy prosto ze znanego, szkockiego regionu Highlands. Twórcy zabutelkowali go w mocy 40% ABV. Przedstawia œwietnie komponuj¹c¹ siê, przyjemn¹ mieszankê owoców, karmelu, a tak¿e wanilii i delikatnego akcentu pikanterii. Co ciekawe, marka by³a znana wczeœniej jako Glen Deveron, ale w 2015 roku zmieni³a swoj¹ nazwê, jak i etykietê. Dodatkowo, mo¿e pochwaliæ siê zdobyciem srebra w znanym konkursie International Spirits Challenge w 2019 roku oraz z³ota w International Wine & Spirit Competition w roku 2019.;jab³ka w toffi, br¹zowy cukier, nieco przypraw korzennych i imbiru.;oleista i bardzo u³adzona, przywodzi na myœl ciasteczka maœlane, wosk, miód, szarlotkê i s³odowane zbo¿e.;nieco dêbiny i wanilii, g³adkie taniny i odrobina pikantnych przypraw korzennych.;DEVERON-12-YO-0.7L.jpg;Deveron;0;1
Dictador 12;Powstaje z fermentacji œwie¿ego cukru trzcinowego i miodu, destylowanego czêœciowo w miedzianym alembiku a czêœciowo w stalowej kolumnie, aby osi¹gn¹æ rum midium. Podlega starzeniu w dêbowych u¿ywanych beczkach z wykorzystaniem metody solera. 12yo to rum o bursztynowym zabarwieniu. W smaku jest bardzo miêkki i okr¹g³y, z posmakiem karmelu, kakao, miodu i delikatnej kawy. Aromat delikatny, miodowy, wanilii oraz palonej kawy.;0;0;0;dictator12.jpg;Dictador;0;1
Dictador 20;Rum Dictador 20 YO powstaje z fermentacji dziewiczego miodu z trzciny cukrowej. Destylacja rumu odbywa siê czêœciowo w miedzianych alembikach, a czêœciowo w stalowych kolumnach destylacyjnych. 20yo to rum o intensywnym ciemnym kolorze bursztynu. W ustach jest bardzo miêkki i okr¹g³y, z posmakiem karmelu, wanilii, kakao oraz miodu. Aromat delikatny, karmelowy, wanilii, miodu, toffi oraz palonej kawy.;0;0;0;dictator20.jpg;Dictador;0;1
Dictador XO Perpetual;Dojrzewa w starannie wyselekcjonowanych dêbowych beczkach po burbonie, przy zastosowaniu tradycyjnej metody Solera. Skomponowany jest z wyj¹tkowych destylatów z poszczególnych roczników. Rum posiada szlachetny, mahoniowy kolor. W smaku wyczuwalna jest s³odycz kawy i ciemnej czekolady. Aromat palonego miodu, kawy, toffi oraz ciemnej czekolady, dojrza³y d¹b.;0;0;0;dictatorxo.jpg;Dictador;0;1
Drambuie;Jego bazê stanowi single malt whisky (15-17 letnia), miód i zio³a ze szkockich wrzosowisk. Smak i zapach whisky s³odowej i miodu w po³¹czeniu z aromatem zió³.;0;0;0;drambuie.jpg;Drambuie;0;1
Fata Verde;W³oski absynt produkowany w Lombardii przez firmê Lazzaroni. W smaku dominuj¹ nuty zio³owe takie jak pio³un, a tak¿e any¿ i kolendra.;0;0;0;fataverde.jpg;Fata Verde;0;1
Glenlivet 12;Starzona jest w beczkach po burbonie i finiszowana w beczkach wykonanych z francuskiego dêbu. W 2015 roku, z powodu braku zapasów magazynowych, zosta³ wycofany z rynku europejskiego (ci¹gle by³ dostêpny w Stanach) i zast¹piony wersj¹ Founder’s Reserve. Powrót jesieni¹ 2018 roku.;³agodny, owocowy, jab³ka, brzoskwinie, œliwki, wanilia, miód i d¹b.;przyjemnie zbalansowany, owocowy, jab³ka, brzoskwinie, suszone œliwki, krem waniliowy, œlady rodzynek i orzechów w³oskich oraz delikatne nuty dêbu.;d³ugi, owocowy, s³odka mieszanka suszonych owoców, orzechy laskowe i d¹b.;glenlivet12.jpg;Glenlivet;0;1
Glenlivet Founder’s Reserve;Destylaty wykorzystywane w tej edycji pochodzi³y z beczek ponownego nape³nienia oraz œwie¿ych beczek po burbonie. Zosta³a ona wypuszczona ze wzglêdu na braki magazynowe 12yo. Butelkowana jest bez oznaczenia wiekowego.;œwie¿y, lekko orzechowy, zielone jab³ka, pomarañcze, wanilia, miód, dêbowe wióry, œlady wiórków kokosowych i any¿ku.;³agodny i s³odki, pieczone jab³ka i œliwki, wanilia, toffi, bu³ka maœlana, mleczna czekolada, szczypta cynamonu i bia³ego pieprzu.;niezbyt d³ugi, ³agodny, pocz¹tkowo owocowy, wkrótce przechodz¹cy w wytrawny, dêbowo-korzenny.;glenlivet_founders_reserve.jpg;Glenlivet;0;1
Glenlivet 15;12-latka zawiera³a whisky starzon¹ w beczkach po burbonie i finiszowan¹ w beczkach wykonanych z francuskiego dêbu, to w przypadku 15 jedynie czêœæ (ok. 35%) destylatów finiszuje we wspomnianych beczkach. Odmiana dêbu limousin pochodzi z okrêgu Dordogne i jest powszechnie wykorzystywana do maturacji koniaków.;bogaty, kremowy, wanilia, karmel, zielone winogrona, jab³ka, grapefruity, œlady pieprzu i cynamonu, ¿ywicy sosnowej i cedrowej deszczu³ki.;³agodny, owocowy, jab³ka, gruszki, wanilia, cr?me br?lée, orzechy laskowe, szczypta ga³ki muszkato³owej i nuty dêbowe w tle.;d³ugi, dêbowo-korzenny z wyczuwalnymi nutami orzechowymi.;glenlivet15.png;Glenlivet;0;1
Glenlivet 18;Oko³o 155 destylatów pochodzi ze œwie¿ych beczek po sherry Oloroso, pozosta³e z beczek po burbonie oraz beczek wielokrotnego nape³nienia. 18 to perfekcyjny glenlivet w którym tony owocowe pozostaj¹ w cudownej harmonii z korzennymi tonami i goryczk¹ dêbu.;bogaty i z³o¿ony z delikatn¹ nut¹ sherry, kwiat jab³oni, wanilia, toffi, wiœnie, suszone œliwki, skórka pomarañczowa, gorzka czekolada, d¹b i œlad cynamonu.;znakomicie zbalansowany, pomarañcze, pieczone jab³ka, cr?me br?lée,, toffi, migda³y, cynamon, ga³ka muszkato³owa, d¹b œlady sherry i zió³.;niezwykle d³ugi, cudowna harmonia s³odyczy, dêbu i tonów korzennych.;glenlivet18.jpg;Glenlivet;0;1
Glenlivet 21;Whisky pochodzi z kilku rodzaju beczek, od beczek po burbonie pierwszego i ponownego nape³nienia po ró¿ne typy beczek po sherry (butt, hogshead czy puncheon), równie¿ pierwszego i ponownego nape³nienia. Produkowana ona jest w ma³ych partiach.;bogaty, silne tony sherry, mleczna czekolada, pra¿one migda³y, rodzynki, suszone œliwki, kawa.;z³o¿ony i znakomicie zbalansowany, pieczone jab³ka i œliwki, ciemne winogrona, truskawki, migda³y pra¿one w miodzie, cynamon, d¹b i bardzo ulotna nuta dymu.;d³ugi i bogaty, pe³na harmonia wszystkich elementów smakowych.;glenlivet21.jpg;Glenlivet;0;1
Glenlivet 25;Wykorzystuj¹c jedne z najrzadszych whisky, z których wszystkie by³y le¿akowane przez co najmniej 25 lat, jest to whisky produkowana seryjnie, finiszowana beczkami po sherry. Zespó³ ekspertów indywidualnie wybiera ka¿d¹ beczkê i monitoruje proces finiszowania whisky, aby upewniæ siê, ¿e drewno nas¹czone Oloroso dodaje subtelnych tonów sherry.;s³odkie rodzynki su³tañskie, ciemna czekolada, zio³owe przyprawy, owoce, tytoñ i beczka dêbowa.;aksamitny i ³agodny, suszone owoce, orzechy, toffi, cr?me brulee, korzenne przyprawy.;d³ugi, z kumulacj¹ owocowych motywów pokreœlonych korzennymi przyprawami.;glenlivet25.jpg;Glenlivet;0;1
Glenfiddich 12;"Zanim Glenfiddich trafi do butelki, starzony jest w jednej z dwóch rodzajów beczek: amerykañskiej beczce po bourbonie lub beczkach po sherry z Jerez de la Frontera w Hiszpanii. ród³em wody u¿ywanej do produkcji tej whisky, od samego pocz¹tku, jest Ÿród³o znajduj¹ce siê w s¹siedztwie destylarni, Robbie Dhu. Osob¹ odpowiadaj¹c¹ za jakoœæ alkoholu jest szanowany w œwiecie whisky Brian Kinsman.


";zbo¿owy, sporo tu suchej skoszonej trawy, œwie¿ego drewna, wanilii, miodu wielokwiatowego, ga³ki muszkato³owej, suszonych owoców, cytrusów. Alkohol delikatnie dra¿ni nos, choæ moc whisky to 40% alk.;"przyjemny, whisky jest doœæ wodnista, czuæ owoce: œwie¿e jab³ka, przyprawy (pieprz, ga³ka muszkato³owa), szuszone owoce; s³odycz i dêbina.";"przyjemnie utrzymuje siê na jêzyku przez d³u¿sz¹ chwilê; ciemna, gorzka czekolada, budyñ czekoladowy, pieprznoœæ, owocowoœæ, alkohol. W whisky dominuje kilka g³ównych nurtów smakowo-zapachowych: owocowy, cytrusowy, trawiasty i roœlinny. To w nich warto doszukiwaæ siê bardziej z³o¿onych zapachów, które i w nosie i na jêzyku, s¹ do siebie zbli¿one. Whisky jest prosta w odbiorze, przyjemna i idealnie nadaje siê tak do kieliszka degustacyjnego czy szklanki z koœci¹ lodu.";glenfiddich12.jpg;Glenfiddich;0;1
Glenfiddich 15YO Unique Solera Reserve;Whisky le¿akowana przez 15 lat w ró¿nych dêbowych beczkach: œwie¿ych, po bourbonie i po sherry, ¿eby na koniec po³¹czyæ siê w unikalnej, rêcznie robionej i nigdy nie opró¿nianej bardziej, ni¿ do po³owy, kadzi solera..;Dojrza³y i bardzo miêkki, z lekkim aromatem d¿emu sliwkowego i pieczone jab³ka.;Miêkki i jedwabisty z aromatami duszonych ciemnych owoców, kokosa , schn¹cej trawy.;Bogaty i pe³ny.;uniquesolera.jpg;Glenfiddich;0;1
Glenfiddich 15YO Our Solera Fifteen;Kolejne wydanie 15-letniej whisky od marki Glenfiddich ukaza³o siê latem 2019 roku, staj¹c siê m³odsz¹ siostr¹ poprzedniczek - Solera Reserve (dostêpnej tak¿e jako Unique Solera Reserve) oraz Solera Vat. Wyj¹tkowy smak zawdziêcza ona technikom uzdolnionego Mistrza S³odowania, a pikantne, rozgrzewaj¹ce nuty to zas³uga stosowanej metody Solera (polegaj¹cej kiedyœ na mieszaniu rocznikowych win, wykorzystuj¹c do tego kompozycjê selektywnie wybieranych beczek lub tzw. kadzi solera). Glenfiddich 15 Our Solera Fifteen dojrzewa w trzech rodzajach dêbowych beczek - po sherry, bourbonie oraz w dziewiczym dêbie, które maj¹ nasyciæ jej smak nutami owoców, przypraw oraz miodu. Kolejnym etapem jest maria¿ destylatów z wyj¹tkow¹, rêcznie wykonan¹ kadzi¹ Solera z sosny Oregon, któr¹ ka¿dorazowo wype³nia siê przynajmniej w po³owie, aby nadaæ trunkowi odpowiedni¹ harmoniê i stworzyæ z³o¿on¹, ale jednoczeœnie zrównowa¿on¹ whisky.;intryguj¹co z³o¿ony. S³odkie nuty miodu, wrzosów oraz wanilii ³¹cz¹ siê z lekk¹ wytrawnoœci¹ dojrza³ych, czerwonych owoców.;jedwabiœcie g³adka tekstura, ods³aniaj¹ca niuanse dêbowego sherry, marcepanu, cynamonu oraz imbiru. Pe³na i niezwykle satysfakcjonuj¹ca na podniebieniu.;d³ugi, pozostawiaj¹cy wra¿enia suszonych owoców, goŸdzików oraz s³odkich nut wanilii;glenfiddich-15yo.jpg;Glenfiddich;0;1
Grand Tetras Genepi Bigallet;G³ównym sk³adnikiem likieru s¹ ga³¹zki Genepi, które rosn¹ wysoko w Alpach. Pocz¹tkowo robiony jest z nich napar, który jest poddawany destylacji. Roœliny Genepi s¹ jedynymi aromatycznymi sk³adnikami tego produktu, dlatego jego smak mo¿e siê nieznacznie ró¿niæ, w zale¿noœci od sezonu i warunków klimatycznych na których dzia³ania by³y wystawione roœliny. Intensywnoœæ zio³owych smaków i aromatów, nuty cytryny, pieprzu i any¿u. Doskona³y digestiff, podawaæ sch³odzone lub na lodzie.;0;0;0;genepi.jpg;Grand Tetras;0;1
Glenglassaugh Evolution;Whisky le¿akowana w dêbowych beczkach po Tennessee Whiskey. Wyczuwalne aromaty ananasa, toffi, duszonych gruszek i kokosa. Smak bardzo ³agodny i zaskakuj¹cy – nuty wanilii i owoców tropikalnych;0;0;0;glenglassaugh.jpg;Glenglassaugh;0;1
Grey Goose;"Francuska wódka maj¹ca swoje korzenie w rejonie Cognac. Dziêki wykorzystaniu najlepszej gatunkowo francuskiej pszenicy, piêciokrotnej destylacji oraz artezyjskej wody z Masywu Centralnego uzyskano g³êboki, subtelny smak i delikatny aromat. Luksusowa i ceniona na ca³ym œwiecie marka silnie zwi¹zana z amerykañskim œrodowiskiem hip hopu.


";0;0;0;greygoose.jpg;Grey Goose;0;1
Havana 3;Niezwyk³y charakter Havana Club 3 A?os to rezultat naturalnego dojrzewania w dêbowych beczkach (miêdzy innymi po Jamesonie) przez przynajmniej trzy lata. W miarê powolnego starzenia w tropikalnym klimacie Kuby rum ten zyskuje s³omkowy kolor i charakterystyczne nuty dêbu, po³¹czone z orzeŸwiaj¹cym aromatem owoców i subtelnym œladem melasy z dorodnej kubañskiej trzciny cukrowej. Najm³odsza kropla rumu Havana Club 3 A?os ma trzy lata. Po dwóch latach powsta³y w procesie produkcji mocny alkohol aguardiente zostaje poddany filtracji przez wêgiel drzewny w celu usuniêcia zanieczyszczeñ, po czym wraca do beczki.;0;0;0;havana3.jpg;Havana;0;1
Havana Especial;Rum Havana Club A?ejo Especial wyró¿nia nasza metoda podwójnego starzenia. Nasz rum dojrzewa przez wiele lat w beczkach po amerykañskim burbonie, po czym zostaje przelany do beczek po irlandzkiej whiskey, gdzie przechodzi ponownie proces starzenia. Dziêki temu Havana Club A?ejo Especial uzyskuje swój delikatny, harmonijny smak z subteln¹ s³odycz¹ wanilii.;0;0;0;havanaespecial.jpg;Havana;0;1
Havana 7;Havana Club Anejo 7 Anos to zdecydowanie jeden z najlepszych zawodników œwietnej, kubañskiej reprezentacji. Esencjonalny i z³o¿ony a zarazem ³agodny w smaku jest wzorcem bogatej tradycji produkcji rumu na Kubie. Szlachetnoœci dodaje mu ca³kowicie naturalny, siedmioletni proces le¿akowania w dêbowych beczkach.;wanilia, kakao, suszone owoce, plaster miodu, toffi.;toffi, owoce, cedrowe pude³ko z cygarami, guava i bananowe liœcie.;kremowo-owocowy, z³o¿ony i d³ugi.;havana7.jpg;Havana;0;1
Havana Maestros;"W celu stworzenia ""Selección de Maestros"", wybiera siê najlepsze starzone rumy, aby z wybitnych cech ka¿dego z nich stworzyæ rum najwy¿szej jakoœci. Wyselekcjonowane rumy tworz¹ bazê, nastêpnie s¹ ponownie nalewane w beczki z m³odego dêbowego drewna, po to by nadaæ trunkowi silny, dêbowy aromat. W ostatnim etapie starzenia rumu, zbiera siê wszystkie wczeœniej przygotowane rumy, aby wybraæ tylko te, które stworz¹ fina³ow¹ kompozycjê. Mieszanka zostaje zabutelkowana, sprawia to, ¿e rum posiada wy¿sz¹ zawartoœæ alkoholu, w tym przypadku jest to 45%.";0;0;0;havanaseleccion.jpg;Havana;0;1
Havana Unión;Po³¹czenie dwóch najpopularniejszych i flagowych tradycyjnych produktów Kuby - Rumu Havana Club i cygar Cohiba. Wynik wspó³pracy Maestro Ronero Asbel Morales’a, odpowiedzialnego za stworzenie unikatowej receptury rumu oraz Fernando Fernandez Milian’a , Master Habano sommelier. Starannie dobrane i naturalnie starzone rumy wchodz¹ce w sk³ad tej mieszanki, zosta³y specjalnie wybrane przez Maestro Ronero, aby idealnie dope³niæ smak cygar Cohiba. Havana Club Unión charakteryzuje siê aromatem s³odkiej wanilii i czekolady oraz smakiem suszonych owoców.;0;0;0;havanaunion.png;Havana;0;1
Hendrick’s;Gin komponowany jest z krwawnika pospolitego, ja³owca, kwiatu bzu, korzenia arcydziêgla, skórki pomarañczowej, kolendry, rumianku, pieprzu kubeba, korzenia irysa, cytryny i kminku. Dodatkowo Hendrick’s infuzowany jest zielonym ogórkiem oraz bu³garsk¹ ró¿¹.;bogaty i pe³ny z nutami cytrusów, ró¿y ogórka, ja³owca, kwiatów i przypraw;g³êboki z akcentami kolendry, skórek cytrusowych, kwiatów, przypraw i ja³owca;trwa³y z posmakiem kwiatów, cytrusów i ja³owca;hendricks.jpg;Hendrick’s;0;1
Hendrick’s Neptunia;"Limitowana edycja ginu Hendrick’s w serii Ms. Lesley Gracie’s Cabinet of Curiosities. S¹ tu klasyczne dla stylu Hendrick’s botaniki, czyli przede wszystkim: ja³owiec, zielony ogórek i p³atki ró¿y, skórki pomarañczy, ale te¿ roœliny wystêpuj¹ce na nabrze¿u Girvan, w tym tak¿e wodorosty. Zapach tego ginu ma wyraŸnie morski charakter – s¹ wodorosty, omu³ki, ostrygi i solanka. Do tego uderzenie cytryny oraz nuty s³odkie, kwiatowe – fio³ki, wanilia. Stosunkowo ma³o czuæ ja³owiec, bardziej jakieœ wrzosy, tuje... W smaku tak¿e czuæ omu³ki, jest te¿ du¿o ja³owca, czarnego pieprzu. Smak jest wyrazisty, ostry, do tego dochodz¹ intensywnie cytrusy. Du¿o ja³owca w finiszu, sól, rzeœkoœæ (zapewne da³ j¹ zielony ogórek), imbir, pieprz czarny, kardamon, a mo¿e bardziej aframon. Finisz jest d³ugi i bardzo elegancki.


";0;0;0;hendrick-s-neptunia.jpg;Hendrick’s;0;1
Hendrick’s Orbium;"W przeciwieñstwie do oryginalnego d¿inu Hendricks, do tej edycji dodano trzy dodatkowe roœliny botaniczne: chininê, pio³un i niebieski kwiat lotosu.


";Przejrzysty, z³o¿ony, zaskakuj¹co œwie¿y.;G³êboki, z³o¿ony, kwiatowy, gorzki, niezwykle esencjonalny.;D³ugotrwa³y.;hendricksorbium.jpg;Hendrick’s;0;1
Jameson;Powolna potrójna destylacja w miedzianych alembikach. Komponowana jest z destylatów, które le¿akowa³y co najmniej 4 lata w beczkach po burbonie oraz w beczkach po sherry.;pe³ny i g³adki z nutami kwiatów, marmolady, polewy czekoladowej, miodu, wanilii, sherry, œciêtej trawy i wiœni.;g³êboki i bogaty z akcentami jab³ka, gruszki, moreli, wiœni, wanilii, œmietany, miodu, wrzosu, cytrusów i karmelu.;œrednio d³ugi z posmakiem przypraw zimowych i miodu.;jameson.jpeg;Jameson;0;1
Jameson Black Barrel;Limitowana edycja dojrzewaj¹ca czêœciowo w podwójne wypalanych z amerykañskiego dêbu, a czêœciowo w beczkach po sherry typu oloroso.;bogaty i z³o¿ony. Na tyle wyrazistych akcentów zbo¿owych, nutki owoców tropikalnych, nektaryn, kokosa.;Ciê¿ki, pe³ny, kremowy. Bogaty, oleisty keks , a w nim mnóstwo akcentów daktyli, orzechów i kandyzowanych skórek pomarañczy i cytryny. Nutki cynamonu, brzoskwiñ i nieznaczne przyprawy korzenne.;D³ugi, owocowy, wygasaj¹cy powoli, z akcentami korzennymi i kwiatowymi.;jamesonblack.jpg;Jameson;0;1
Jameson Caskmates Stout;Wynik eksperymentu w ramach którego zosta³y wypo¿yczone beczki browarowi Franciscan Wells by dojrzewa³ w nich irlandzki stout, a nastêpnie zosta³y one przywiezione z powrotem do destylarni i tam nape³niono ju¿ dojrza³¹ whiskey na 3 miesi¹ce(tzw. cask finish);po³¹czenie tradycyjnych akcentów Jameson, które nie zosta³y przykryte, a jedynie uzupe³nione akcentami stoutu - jest tu wiêcej korzennoœci, akcentów dêbowych, a tak¿e czekolady.;Bogaty, pe³ny. Akcent owoców, wanilii, czekolady. Dodatkowo pojawiaj¹ siê nutki chmielowe i nieco goryczki.;Œrednio d³ugi, z przeplataj¹cymi siê nutkami korzennymi i czekoladowymi.;jamesonstout.jpg;Jameson;0;1
Jameson Crested;Crested zosta³a stworzona w 1963 roku. Jest on pe³niejsz¹, bogatsz¹ wersj¹ podstawowej whiskey Jameson. W ok. 60% sk³ada siê z destylatu jêczmiennego i jest le¿akowana w beczkach po sherry przez 7 – 8 lat.;bogaty, miód, toffi, pra¿one orzeszki, d¿em pomarañczowy, kantalupa, kandyzowany imbir, goŸdziki i piêknie wplecione nuty sherry.;przyjemnie zbalansowany, subtelne nuty sherry, skórka cytrynowa i pomarañczowa, miód, karmel, mleczna czekolada, œlady pieprzu i imbiru.;œrednio d³ugi, rozgrzewaj¹cy, z nutami sherry, karmelu i czekolady.;jamesoncrested.jpg;Jameson;0;1
"Jim Beam White
";"Charakteryzuje siê tym ¿e oprócz kukurydzy (70%) zawiera spor¹ iloœæ ¿yta (16%) a pozosta³e 14% to jêczmieñ. Destylaty le¿akuj¹ 4 lata w nowych wypalanych beczkach z bia³ego amerykañskiego dêbu.


";bardzo s³odki z nutami wanilii, siana, œwie¿ej kukurydzy, karmelu, palonego dêbu przypraw.;pe³ny i g³êboki z nutami wanilii, palonego dêbu, pieprzu, przypraw korzennych, miodu i siana.;œrednio d³ugi z nutami dêbu, ¿ywicy i s³odyczy.;jimbeam.jpg;Jim Beam;0;1
Jim Beam Black Extra Aged;Stworzona w 1978 roku whiskey nale¿y do bourbonów premium . Le¿akuje zdecydowanie d³u¿ej w beczkach z bia³ego dêbu amerykañskiego ni¿ oryginalny Jim Beam White . Zmienia to ca³kowicie nuty smakowe i zapachowe, które zaczynaj¹ siê pó³s³odkimi akcentami, przechodz¹c w g³adkie wykoñczenie dêbem i karmelem.;doœæ s³odki z nut¹ dymn¹, krem waniliowy, karmel, p³atki kukurydzane, goŸdziki, œlad any¿ku i nadpalonego dêbu.;wanilia, karmel, trochê miodu, pra¿ona kukurydza, odrobina cynamonu i goŸdzików i nadpalony d¹b.;doœæ d³ugi i rozgrzewaj¹cy, z nutami zwêglonej dêbiny, karmelu, wanilii i odrobin¹ pieprzu.;jimbeamextraaged.jpg;;0;1
Jim Beam Double Oak;W wypadku whiskey Jim Beam Double Oak, destylat w wieku 4 lat (czyli Jim Beam White) jest przelewany do drugiej beczki, na czas którego producent nie ujawnia. Otwartym pozostaje pytanie czy druga beczka jest nowa i nowowypalona czy tylko nowowypalona.;bardzo s³odki z nutami wanilii, siana, œwie¿ej kukurydzy, karmelu, palonego dêbu i przypraw.;pe³ny i g³êboki z nutami wanilii, palonego dêbu, pieprzu, przypraw korzennych, miodu i siana.;œrednio d³ugi z nutami dêbu, ¿ywicy i s³odyczy.;jimbeamdoubleoak.jpg;;0;1
Jim Beam Rye;W sk³ad zacieru JBR wchodzi 51% ¿yta. Whisky le¿akuje przez 4 lata w nowych dêbowych beczkach. Destylaty ¿ytnie s¹ znacznie bardziej pieprzne i wytrawne wiêc spodziewam siê, ¿e bêdzie to ³atwe do zauwa¿enia ju¿ na samym pocz¹tku.;s³odki i pikantny, karmel, mleczne krówki, kakao w proszku, goŸdziki, cynamon, imbir, œlad lukrecji i miêty.;³agodny i doœæ s³odki, karmel, wanilia, pra¿ona kukurydza, szarlotka poprószona cynamonem, goŸdziki i delikatne nuty orzechowe i dêbowe.;niezbyt d³ugi, z nutami wanilii, syropu kukurydzianego i odrobin¹ korzennych przypraw.;jimbeamrye.jpg;;0;1
Kahlúa;Ceniony kawowy likier wprost z Meksyku. Kahlua zosta³a stworzona w 1936 roku w sercu tego kraju. Kahlua jest produkowana z ziaren kawy Arabica rosn¹cych u podnó¿y gór Meksyku. Esencja z kawy jest ³¹czona nastêpnie z importowanym rumem i s³odk¹ wanili¹.;0;0;0;kahlua.jpg;Kahlúa;0;1
Ki No Bi;Jedyny w swoim rodzaju gin. Powstaje w destylarni rzemieœlniczej z typowo japoñskich roœlin, takich jak yuzu, cyprysik japoñski, bambus, gyokuro, pachnotka, kinome i sansh?. Wyró¿nia siê nie tylko kompozycj¹, ale i technik¹ wyrobu, która pochodzi sprzed ery przemys³owej. Œwie¿e nuty yuzu, ciep³e niuanse ja³owca, pikantny imbir i aromat sansh? ³¹cz¹ siê w harmonijny i egzotyczny bukiet, który choæ raz w ¿yciu warto poczuæ i spróbowaæ.;0;0;0;kinobi.jpg;Ki No Bi;0;1
Lillet Blanc;Lillet Blanc to likier o wspania³ej, b³yszcz¹cej z³otej barwie. Liczne kwiatowe aromaty przeplataj¹ siê tu z nutami kandyzowanych pomarañczy, miodu, ¿ywicy sosnowej i egzotycznych owoców. W ustach wyczuwalna jest paleta owoców egzotycznych i miodu, wraz z d³ugim finiszem. G³ównym szczepem w Lillet Blanc jest Semillon, daj¹cy temu likierowi pe³n¹, soczyst¹ strukturê.;0;0;0;lilletblanc.jpg;Lillet;0;1
Lillet Rosé;Jest to mieszanka win (85%) i likierów, produkowanych z ró¿nych odmian pomarañczy. Dojrzewa w beczkach, które znajduj¹ siê w piwnicy gorzelni w Podensac. W nosie lekkie aromaty jagód, kwiatu pomarañczy i grapefruita. Smak œwie¿y, ¿ywy i owocowy, zrównowa¿ony, lekko kwaœny.;0;0;0;lilletrose.jpg;Lillet;0;1
Luxardo Bitter;Klasyczny w³oski likier o smaku s³odkich i gorzki pomarañczy, rabarbaru oraz aromatycznych przypraw takich jak majeranek czy tymianek.;0;0;0;luxardobitter.jpg;Luxardo;0;1
Luxardo Maraschino;Likier ten destylowany jest z wyj¹tkowej odmiany wiœni Marascha, która zosta³a stworzona dziêki firmie luxardo. Macerowane s¹ w jesionowych kadziach przez 3 lata. Barwa tego trunku jest przezroczysta a aromat zniewala owocow¹ s³odycz¹ wiœni. Smak aksamitnie g³adki o mi³o zaokr¹glonej koñcówce.;0;0;0;luxardomaraschino.jpg;Luxardo;0;1
Malfy;Podstawowymi sk³adnikami Malfy orginale s¹ lokalny ja³owiec, kor¹ cynamonowa, kolendr¹, korzenie arcydziêgla i lukrecji oraz skórka cytrynowa, pomarañczowa i grejpfrutowa, a bazowym alkoholem spirytus pszeniczny. Po destylacji gin poddawany jest filtracji na zimno i rozcieñczony lokaln¹ górsk¹ wod¹ do 41% aby. Na pierwszy plan wybija siê ja³owiec i pomimo swej intensywnoœci ni t³umi nut zio³owych przeplecionych cytrusem, w szczególnoœci pomarañcz¹ i cytryn¹.;0;0;0;malfy-originale-gin.jpg;Malfy;0;1
Malfy Rosa Pink Grapefruit;Tak jak Malfy orginale zawiera w sobie lokalny ja³owiec, korê cynamonow¹, kolendrê, korzenie arcydziêgla i lukrecji oraz skórkê cytrynow¹, pomarañczow¹ i grejpfrutow¹, a bazowym alkoholem spirytus pszeniczny. Wszystkie sk³adniki wraz ze skórkami Sycylijskich ró¿owych grejpfrutów poddane s¹ 36 godzinnej maceracji nastêpnie destylowane metod¹ pró¿niow¹. Ca³oœæ dope³nia niewielka iloœæ destylatu rabarbarowego. Silna woñ grejpfrutów ³¹czy siê z subteln¹ nutk¹ rabarbaru, w smaku z kolei lekk¹ cytrusow¹ s³odycz równowa¿¹ ja³owiec, kolendr¹ oraz goryczka arcydziêgla.;0;0;0;MALFY-ROSA.jpg;Malfy;0;1
Malfy Con Arancia Blood Orange;Zawiera w sobie lokalny ja³owiec, korê cynamonow¹, kolendrê, korzenie arcydziêgla i lukrecji oraz skórkê cytrynow¹, pomarañczow¹ i grejpfrutow¹, a bazowym alkoholem spirytus pszeniczny. Wszystkie sk³adniki wraz z Sycylijskimi czerwonymi pomarañczami poddane s¹ 36 godzinnej maceracji nastêpnie destylowane metod¹ pró¿niow¹. Na podniebieniu oferuje ujmuj¹ce nuty grejpfruta, cytryny, ja³owca, skórki cytrusów, czerwonej pomarañczy oraz pieprznych przypraw.;0;0;0;malfyarancia.jpeg;Malfy;0;1
Malfy Con Limone;W³oski gin destylowany z ja³owcem oraz dojrzewaj¹cymi w s³oñcu Sycylii cytrynami. Recepturê trunku uzupe³niaj¹ tak¿e kolendra, kasja oraz arcydziêgiel. Dwa ze sk³adników zostaj¹ utajnione przez gorzelniê, a destylacja odbywa siê w stalowych alembikach pró¿niowych.;0;0;0;malfylimone.jpg;Malfy;0;1
Maker's Mark;Formu³a zawiera 70% kukurydzy, 16% ozimej pszenicy i 14% jêczmiennego s³odu. Jak ka¿dy burbon jest starzony co najmniej 2 lata w nowych wypalanych beczkach z bia³ego dêbu.;miód , wanilia, sucha skórka pomarañczowa, suszone daktyle, rodzynki, mleczna czekolada, cynamon, ga³ka muszkato³owa i d¹b.;s³odki, wanilia, mleczne krówki, miód, kakao w proszku, brzoskwinie, rodzynki, pra¿one orzeszki, nuty tytoniu i dêbu.;d³ugi, z nutami karmelu, wanilii, skórki pomarañczowej i dêbu.;MAKERS-MARK-BOURBON-0,7L.jpg;Maker's Mark;0;1
Maker's 46;2005r. rozpocz¹³ seriê eksperymentów, z których próba nr 46 okaza³a siê udan¹. Po zakoñczeniu podstawowej maturacji standardowy Maker’s Mark opuszcza beczkê, w której zostaje zamontowanych 10 wypra¿onych klepek z francuskiego dêbu. Destylat wraca do tak zmodyfikowanej beczki na 10 do 12 tygodni. W tym czasie beczka spoczywa w najch³odniejszym miejscu magazynu le¿akowego. Francuski d¹b potêguje nut karmelu i wanilii oraz dodaje whisky lekkiej pikanterii.;doœæ kompleksowy, ekstrakt wanilii, karmel, syrop klonowy, dro¿d¿ówki cynamonowe, kandyzowana skórka pomarañczowa, pieczone jab³ka i d¹b.;sporo karmelu i kremu waniliowego, p³atki œniadaniowe z miodem, szarlotka poproszona cynamonem, szczypta gali muszkato³owej i doœæ silne nuty dêbowe.;doœæ d³ugi, z nutami karmelu, wanilii, s³odkich przypraw, dêbu i w mniejszym stopniu tytoniu.;maker-s-mark-no-46-700ml.jpg;Maker's Mark;0;1
Martell VS Fine;Jest to wydestylowany w pojedynczej destylarni z gron pochodz¹cych z okrêgów uprawy Grande i Petite Champagne, Les Borderies i Fins Bois i starzony przez co najmniej 2 lata e beczkach z francuskiego dêbu z Tronçais.;owocowy i delikatnie floralny, wanilia, karmel, bukiet polnych kwiatów, pigwa, odrobina suchych zió³, siana i dêbu.;przyjemnie zbalansowany, rodzynki, suszone œliwki i wiœnie, karmel, marcepan, nuty cynamonu i kakao w proszku.;œrednio d³ugi, z nutami suszonych owoców, karmelu, pra¿onych migda³ów, kropl¹ likieru fio³kowego i dêbu.;martellvs.jpg;Martell;0;1
Martell V.S.O.P;Starzony przez co najmniej 4 lata e beczkach z francuskiego dêbu z Tronçais.;Owocowy, pe³ny. Akcenty limonki, pigwy, œliwek i lukrecji. Nieco dêbiny i orzechów lakowych.;Miêkki, g³adki i z³o¿ony. Bogactwo akcentów owocowych, w tym równie¿ kandyzowanych owoców. Odrobina korzeni i orzechów.;D³ugi, z akcentami owoców i korzeni.;martellvsop.jpg;Martell;0;1
Martell Blue Swift;Pierwszy koniak V.S.O.P finiszowany w beczkach po burbonie mniej ni¿ szeœæ miesiêcy. Nazwa trunku odnosi siê do jerzyka, ptaka który mo¿e lecieæ nieprzerwanie przez kilka dni pokonuj¹c Atlantyk.;œliwki, rodzynki, brzoskwinie, cr?me brul?e, miodowe orzech, cynamon i d¹b.;bogaty, owocowy, czereœnie, œliwki, figi, rodzynki, wanilia, karmel, cynamon, nuty kandyzowanego imbiru i dêbu.;doœæ d³ugi, z nutami wanilii, karmelu, syropu klonowego, rodzynek, suszonych œliwek i jab³ek, cynamonu i dêbu.;martellblueswift.jpg;Martell;0;1
Martell X.O.;Kupa¿ eaux-du-vie starzonych od 10 do 35 lat wydestylowanych w gron pochodz¹cych z okrêków uprawy Grande Champagne i Les Borderies.;przyjemnie pikantny, czarny i czerwony pieprz, œwi¹teczny piernik, orzech w³oskie, suszone figi, pieczone jab³ka, nuty drewna sanda³owego i wosku.;bardzo bogaty, suszone figi, wiœnie i œliwki, rodzynki, nugat orzechowy, waniliia, ga³ka muszkato³owa i koj¹ca goryczka dêbu.;d³ugi, pikantny z subteln¹ nut¹ floraln¹, cynamon, rodzynki, figi, czerwone owoce i d¹b.;martellxo.jpg;Martell;0;1
Martell Cordon Bleu;Stworzony w 1912r. Skomponowany z ponad stu ró¿nych destylatów pochodz¹cych z regionów Petite Champagne, Grande Champagne, Fins Bois i Borderies, po kupa¿owaniu le¿akuje w beczkach z dêbu francuskiego.;Œliwki i jab³ka, kawa, pra¿one migda³y, cynamon, kwiaty pomarañczy, miód i wosk pszczeli.;kr¹g³y i ³agodny. Akcenty owoców, migda³ów, miodu, cynamonu.;d³ugi, z akcentami owoców i przypraw.;cognac-martell-cordon-bleu.jpg;Martell;0;1
Martell Cohiba;Wspólny projekt Martella i Habanos Cigars. Do jego stworzenia wykorzystano eaux-de-vie z okrêgu Grande Champagne starzone od 40 do 50 lat. Oczywiœcie najlepiej smakuje z odpowiednio d³ugo starzonym cygarem.;miêkki lecz kompleksowy, orzechy laskowe, miód, wanilia, pra¿one ziarna kawy, suszone morele, leœne jagody, nuty tytoniu i suchych kwiatów.;znakomicie zbalansowany, mieszanka suszonych owoców, pra¿one migda³y i orzechy, cynamon, nuty any¿ku i lukrecji i piêknie wplecione nuty dêbu.;bardzo d³ugi i elegancki, suszone owoce, pra¿one orzechy, d¹b odrobina cynamonu.;martellcohiba.jpg;Martell;0;1
Martini Riserva;"Kolekcja Martini Vermouth di Torino sk³ada siê z Martini Riserva Speciale Rubino i Martini Riserva Speciale Ambrato. Obydwa zosta³y stworzone w ho³dzie dla tradycyjnych metod stosowanych przez pierwszych mistrzowskich zielarzy Martini. Martini Reserva Speciale Rubino jest wykonane przy wykorzystaniu win Langhe DOC Nebbiolo i zmieszane ze stê¿onym ekstraktem roœlinnym: wyci¹giem z w³oskiego œwiêtego ostu i czerwonego drzewa sanda³owego. Le¿akuje w dêbowej beczce ponad dwa miesi¹ce. Jego nazwa jest jednoczeœnie okreœleniem koloru - ""rubino"" to w³oski odpowiednik „ruby"". Martini Riserva Speciale Ambrato jest produkowane przy u¿yciu wina Moscato d'Asti DOCG, by stworzyæ lekko gorzki smak. Nazwa pochodzi od koloru - ambrato to po w³osku bursztyn.";0;0;0;riserva.jpeg;Martini;0;1
Martini Bitter;Do przygotowania purpurowego, wytrawnego Martini Riserva Speciale Bitter wykorzystuje siê 20 zió³ oraz przyprawy korzenne. W tym trzy niezwykle rzadkie i unikalne: szafran, korê krocienia oraz angosturê.W sk³ad Martini Bitter wchodzi bylica pochodz¹ca z lokalnych upraw we w³oskiej Pancalieri. To ona nadaje gorzko-zio³owy charakter trunku.;0;0;0;bitter.png;Martini;0;1
Martini Fiero;Naturalny ekstrakt z czerwonej pomarañczy nadaje mu wyj¹tkowy, wyraŸnie dominuj¹cy posmak.;0;0;0;fiero.png;Martini;0;1
Metaxa;Metaxa jest jedynym w swoim rodzaju trunkiem alkoholowym. Nie mo¿na go sklasyfikowaæ jako Brandy. Definicja tej kategorii mówi o alkoholu dwukrotnie destylowanym z wina lub innego soku owocowego poddanego fermentacji. Choæ faktycznie pierwszym etapem stworzenia Metaxy jest powstanie destylatu z wina, to jednak póŸniejsze etapy produkcji czyni¹ ten trunek wyj¹tkowym. Nad ca³oœci¹ czuwa Constantinos Raptis, który jest pi¹tym pokoleniem mistrzów destylacji i blendowania. Pierwszym etapem jest powstanie wina, które tworzy siê tylko z trzech odmian winoroœli: Savatiano, Sultanina i Black Corinth. Nastêpnie poddaje siê je destylacji i le¿akowaniu w piwnicach obecnego domu Metaxy, który znajduje siê w Kiffisii w pó³nocnej czêœci Aten. W tym czasie Constantinos dobiera wina typu Muscat z wyspy Samos, która s³ynie z jej najlepszych odmian. Nastêpnie ³¹czy je wraz z wyselekcjonowanymi destylatami winnymi, które wspólnie znów le¿akuj¹ w beczkach wykonanych z francuskiego dêbu Limousin. Ostatnim etapem zwieñczaj¹cym proces produkcji jest dodanie specjalnej mieszanki zió³ i roœlin œródziemnomorskich wœród, których warto wyró¿niæ p³atki ró¿. To wszystko wp³ywa na wyj¹tkowoœæ Metaxy.;0;0;0;metaxa.jpg;Metaxa;0;1
Midori;"Midori (jap. ""zielony"") to legendarny likier melonowy. Produkowany jest od 1978 roku przez firmê Suntory w Japonii. Firma Suntory znana jest równie¿ z produkcji doskona³ych whisky Single Malt. Likier Midori wytwarzany jest wy³¹cznie z naturalnych sk³adników, spoœród których g³ównym jest dojrza³y, soczysty i s³odki melon.";0;0;0;Midori.jpg;Midori;0;1
Monkey Shoulder;Oryginaln¹ formu³a wymienia trzy single malty pochodz¹ce z gorzelni nale¿¹cych do spó³ki (Glenfiddich, Balvenie i Kininvie) starzone w beczkach po burbonie. Nazwa Monkey Shoulder nawi¹zuje do urazu barku czêsto nêkaj¹cego pracowników s³odowni, prze¿uwaj¹cych drewnianymi ³opatami tony jêczmienia.;s³odowo-owocowy, jab³ka, gruszki, ananasy, mleczne krówki, karmel, wanilia, miód i œlad dêbowych wiórów.;³agodny, s³odkie p³atki œniadaniowe, jab³ka, gruszki, banany, skórka cytrynowa, miód, wanilia, nugat orzechowy, œlad lukrecji i dêbu.;œrednio d³ugi, z nutami nugatu orzechowego, letnich owoców, skórki pomarañczowej, wanilii i dêbu.;monkey-shoulder-blended-malt.jpg;Monkey Shoulder;0;1
Monkey Shoulder Smokey;Dymna ods³ona popularnej Blended Malt Monkey Shoulder wzbogacona dodatkiem whisky torfowej – najprawdopodobniej pochodz¹cej z uruchomionej w 2007 roku gorzelni Ailsa Bay. Smokey Monkey posiada zdecydowanie dymny, smolisty aromat, zbalansowany ³agodnymi nutami miodu, toffi, wanilii, jab³ek, brzoskwiñ oraz cytrusów. W smaku jest doœæ ³agodna i owocowa, z lekk¹ dymnoœci¹, kremow¹ s³odycz¹ oraz akcentami orzechów i przypraw.;0;0;0;Monkey-Shoulder-Smokey-Monkey-Batch-9.jpg;Monkey Shoulder;0;1
Monkey 47;Niemiecki gin destylowany w gorzelni Christopha Kellera, zlokalizowanej w Schwarzwaldzie. Nazwa nawi¹zuje do ma³pki o imieniu Max któr¹ to zasponsorowa³ Montgomery Collins by odbudowaæ zniszczone zoo. Liczba 47 nawi¹zuje do iloœci zió³, roœlin i owoców u¿ywanych do produkcji oraz mocy trunku i pijany by³ zazwyczaj o 4:47. Wiod¹cymi sk³adnikami ginu s¹: ja³owiec, lawenda, pi¿mian, aframon madagaskarski, pysznog³ówka szkar³atna, szyszki œwierkowe, prawoœlaz lekarski kolendra.;pe³ny z bogactwem zió³, owoców cytrusowych, kwiatów, ja³owca i przypraw.;bogaty i g³êboki z akcentami owoców leœnych, cytrusów, kwiatów, ja³owca, przypraw i korzeni.;d³ugi i intensywny z bogactwem przypraw, zió³ i cytrusów.;monkey47.jpg;Monkey 47;0;1
Olmeca Altos Blanco;Olmeca Altos Plata Blanco produkowana w 100% z niebieskiej agawy. Jest tequil¹, która przyci¹ga swoj¹ autentycznoœci¹: niezwykle ³agodna, o wyj¹tkowym charakterze, powstaje w sercu Meksyku, czyli w regionie Los Altos. Jej wyj¹tkowo subtelny smak to efekt tradycyjnych metod produkcji oraz podwójnej destylacji.;gotowana agawa z subtelnymi nutami cytrusów.;S³odki, dobrze zrównowa¿ony limonkowym akcentem;d³ugi, dobrze zbalansowany;TEQUILA-OLMECA-BLANCO-CLASICO-0,7L.jpg;Olmeca;0;1
Olmeca Altos Reposado;Olmeca Altos Reposado Gold charakteruzuje siê niezwykle bogatym aromatem obfituj¹cym w œwie¿e, cytrusowe nuty pomarañczy i grapefruitów z delikatnie s³odkim akcentem wanilii i wyczuwaln¹ nut¹ drzewn¹. W smaku pocz¹tkowa s³odycz powoli ustêpuje delikatnej nucie tanin i ponownie cytrusów z posmakiem gotowanej agawy. Finisz d³ugi, bardzo dobrze zbalansowany.;0;0;0;olmecareposado.jpg;Olmeca;0;1
Orange Colombo;Aperitif, z wyczuwalnymi aromatami kandyzowanej pomarañczy i miodu. Ten likier to kompozycja gorzkich i s³odkich pomarañczy, kory chinowca, cukru trzcinowego i ró¿owego wina, le¿akowana w dêbowych beczkach przez 6 tygodni.;0;0;0;orangecolombo.jpg;Orange Colombo;0;1
Ostoya;Wóda z Bieszczad destylowana ze s³odu pszenicznego, delikatna i s³odka w smaku.;0;0;0;ostoya.jpg;Ostoya;0;1
Oxley;"Jeden z pierwszych ginów wyprodukowanych przy u¿yciu pró¿niowej destylacji (destylacja pod zmniejszonym ciœnieniem). Po trwaj¹cej 15 godzin maceracji 14 sk³adników botanicznych - ja³owiec, cytryny, grapefruity, pomarañcze, tawu³a, wanilia, any¿, korzenie irysa i lukrecji, ziarna raju, kakao, cynamon, ga³ka muszkato³owa i kolendra - destylowane jest w kolumnie pró¿niowej w temp. Siêgaj¹cej -5°C. Destylacja w podobnych warunkach gwarantuje pe³n¹ ekstrakcjê substancji smakowych i aromatycznych nie eksponuj¹c sk³adników botanicznych na wysok¹ temp. a tak¿e wyklucza powstawanie przedgonów i niedogonów. Oxley to niezwykle elegancki gin o klasycznym profilu - ja³owiec, cytrusy i tony floralne piêknie wspó³pracuj¹ce z odsuniêtymi nieco na drugi plan korzennymi przyprawami, balansowanymi do pewnego stopnia s³odycz¹ wanilii.

";0;0;0;oxley.jpg;Oxley;0;1
Patron Silver;Roca Patron Silver to fenomenalna tequila rzemieœlnicza wy³¹cznie z niebieskiej agawy: zarówno alkohol, jak i przedmioty i urz¹dzenia wykorzystywane do jego wyrobu, produkowane s¹ rêcznie, z zachowaniem dawnych metod i zasad recyklingu, a destylacja przebiega w bardzo ograniczonych partiach. Zgodnie z historycznym zwyczajem pi?as (rdzenie agawy) gotowane s¹ przez 79 godzin w ma³ych, ceglanych piecach, a wczeœniej mia¿d¿one dwutonowym ko³em tahona. Dziêki temu tequilê tê wyró¿nia œmia³y i zdecydowany smak, bogaty w s³odkie aromaty cytrusowe.;œwie¿e owoce cytrusowe, zw³aszcza limonka.;ziemisty i s³odki z akcentami bia³ego pieprzu, dyni, agawy i kandyzowanych cytrusów.;harmonijny z nutami bia³ego i zielonego pieprzu.;patronsilver.jpg;Patron;0;1
Patron Reposado;Przed zabutelkowaniem alkohol spêdzi³ w dêbowych beczkach od 3 do 6 miesiêcy. Dziêki temu tequilê Roca Patron Reposado wyró¿nia wyrazisty lecz harmonijny smak z przyjemnym, waniliowo-cytrusowym aromatem.;wanilia, dêbina, dojrza³e owoce cytrusowe.;s³odki z akcentami imbiru, karmelu i umami.;bardzo d³ugi z nutami pikantnymi i taninowymi.;patronreposado.jpg;Patron;0;1
Patron Anejo;Mieszanina tequili le¿akowana przez minimum 12 miesiêcy w niewielkich dêbowych beczkach z dêbu bia³ego.;pieczona agawa, karmel.;agawa, karmel, odrobina przypraw korzennych, pieprz.; œrednio d³ugi, karmelowe pieprzowy.;patronanejo.jpg;Patron;0;1
Passoa;Znakomity francuski likier o smaku owoców egzotycznych, produkowany z soku owoców marakui. Jest to œwie¿y, egzotyczny i aromatyczny likier o niskiej zawartoœci alkoholu, uzyskany z mieszanki kwiatów i owoców tropikalnych.;0;0;0;Passoa.jpg;Passoa;0;1
Pepperciocco;S³odki, czekoladowy likier z nutami ostrej papryczki, o ciemno bursztynowej brawie.;0;0;0;pepperciocco.jpg;Pepperciocco;0;1
Pyrat XO Reserve;Mieszanina rumów karaibskich, dojrzewanych w dêbowych beczkach po amerykañskim burbonie i beczkach z dêbu francuskiego typu Limousin przez okres nawet 16 lat. Tradycyjny rum na bazie melasy z trzciny cukrowej.;karmel, miód, cytrusy, melasa.;skórka pomarañczy,, wanilia, karmel, miód, przyprawy.;d³ugi, korzenny.;pyrat.jpg;Pyrat XO Reserve;0;1
Ricard Pastis;Ricard Pastis de Marseille to wyj¹tkowy trunek pochodz¹cy prosto z Francji. Posiada ³adny, bursztynowy kolor. Aromat wyró¿nia siê nutami trawy, any¿u, a tak¿e lukrecji. W smaku wyczuæ mo¿na z kolei akcenty any¿u, kopru w³oskiego i zió³, jak równie¿ delikatnej lukrecji, miêty i cytryny. Wszystko to wygasa do d³ugiego, trwaj¹cego finiszu z lukrecj¹ i zio³ami.;0;0;0;ricard.jpg;Ricard Pastis;0;1
Sambuca;Bezbarwny pochodz¹cy z W³och likier any¿kowo-owocowo-zio³owy, zawieraj¹cy zazwyczaj 38 do 40% alkoholu. Jest produkowany na bazie kwiatów czarnego bzu (w³. Sambuco), any¿u gwiaŸdzistego, kopru w³oskiego, lukrecji oraz soków.;0;0;0;sambuca-bianco.jpg;Sambuca;0;1
Santa Teresa 1796;"Ron Santa Teresa jest jednym z pierwszych producentów rumu na Karaibach. Santa Teresa 1796 Ron Antiguo de Solera to rum produkowany metod¹ ""solera"" oraz dojrzewaj¹cy ponad 15 lat w beczkach z francuskiego dêbu Limousin.";S³odki aromat owoców, miodu i czekolady.;Delikatny i bogaty, z nutami tytoniu, skóry, nut dymu oraz dêbu.;Nuty dêbiny, lekko wytrawny.;santateresa.jpg;Santa Teresa 1796;0;1
Scapa Glansa;Do pierwszej destylacji u¿ywa siê alembiku typu lomond. Zestawiono j¹ z destylatów starzonych w beczkach po burbonie i finiszowana w beczkach, w których wczeœniej dojrzewa³a whisky dymno-torfowa. „Glansa” w wolnym t³umaczeniu oznacza „niebo przed burz¹”.;³agodny, owocowy i delikatnie dymny, brzoskwinie, ananasy, wanilia, miód, p³atki œniadaniowe i nieco siana.;jab³ka i brzoskwinie, kandyzowana skórka pomarañczowa, wanilia, miód, karmel, i delikatne nuty dymne w tle.;œrednio d³ugi, z nutami zadymionej wanilii i miodu.;scapaglansa.jpg;Scapa;0;1
Scapa Skiren;Scapa to obok Loch Lomond jedyna szkocka destylarnia ci¹gle u¿ywaj¹ca alembiku typu lomond, w którym kontakt oparów z miedzi¹ kontrolowany jest poprzez system perforowanych p³ytek. Skiren to m³oda whisky typu small batch, starzona wy³¹cznie w beczkach po burbonie pierwszego nape³nienia i butelkowana bez okreœlenia wieku. Jej nazwa pochodzi z jêzyka staronordyskiego i oznacza „bezkresny lazur nieba”.;s³odki, wanilia, miód, wata cukrowa, szarlotka, skórka cytrynowa, nuta any¿ku i odleg³y œlad morskiej bryzy.;³agodny i s³odki, zielone jab³ka, p³atki œniadaniowe ze szczypt¹ cynamonu, walilia, toffi i orzeszki pra¿one w miodzie.;niezbyt d³ugi, jab³ka, br¹zowy cukier i delikatne nuty orzechowe.;scapa-skiren.jpg;Scapa;0;1
Baker's;Trzy z poœród czterech whiskey, które wchodz¹ w sk³ad tej kolekcji, w tym Baker’s, bazuj¹ na tym samym rodzaju s³odu , jednak ka¿da z nich ma nieco inne cechy i inny profil smakowy. Baker’s zawiera 53,5% alkoholu i ma siedem lat. Dojrzewanie koñczy siê w momencie, gdy trunek nabierze charakteru beczki, w której le¿akuje.;susz owocowy, cynamon, goŸdziki, pieprz, kakao w proszku, wanilia, karmel, zwêglony d¹b i trochê skóry.;s³odko-pikantny, cr?me brulée, toffi, wanilia, pra¿one migda³y, cynamon, goŸdziki, nuty tytoniu, skóry i nadwêglonej dêbiny.;d³ugi i pe³ny, z nutami karmelu, kakao, wanilii, d¿emu z gorzkich pomarañczy i nadwêglonego dêbu.;bakers.jpg;Small Batch Bourbon Collection;Patronem bourbonu jest Baker Beam - by³y mened¿er Jim Beam Distillery w Clermont.;1
Basil Hayden's;"Jej historia siêga 1796 roku, kiedy Master Distiller Basil Hayden z³ama³ zasady produkcji bourbona i do zacieru oprócz kukurydzy dosypa³ spor¹ iloœæ ¿yta. Whiskey do dzisiaj produkowana jest w tradycyjny sposób i posiada najbardziej ""¿ytni"" aromat z wszystkich bourbonów. Jest starzona w nowych beczkach przez co najmniej 8 lat.";wywa¿ony i lekko pikantny z nutami miêty pieprzowej, herbaty, miodu, imbiru, dêbu, ¿yta i grejpfruta.;bogaty z nutami czarnego pieprzu, miodu, skórki z pomarañczy, miêty, siana, palonego dêbu, imbiru i ¿yta.;wytrawny z nutami wanilii, chili i dêbu.;basil-hayden-s.jpg;Small Batch Bourbon Collection;Bourbon nosi imiê jednego z wczesnych destylatorów Kentucky.;1
Booker's;Bourbon niefiltrowany, butelkowany prosto z beczki. Whiskey destylowana jest w Gorzelni Jima Beama w Clermont w stanie Kentucky. Komponowana jest z destylatów starzonych oko³o 7 lat, w nowych dêbowych beczkach, w centralnych miejscach magazynu, gdzie warunki do le¿akowania s¹ najlepsze. Booker's to najmocniejszy bourbon z kolekcji.;intensywny z nutami dêbu, wêgla drzewnego, wanilii, lekki aromat kawy tytoniu, karmelu, suszonej œliwki, cynamonu i imbiru.;mocny i zdecydowany z nutami wanilii, karmelu, palonego dêbu, tytoniu, drzewa cedrowego, cygara, œliwki i pomarañczy, kawy.;d³ugi i intensywny z nutami pikantnych przypraw, tytoniu i wêgla drzewnego.;bookers.jpg;Small Batch Bourbon Collection;Pierwszy bourbon w naturalnej formie. Stworzony przez Fredericka Bookera Noe w 1988 roku;1
St. Germain;Francuski likier owocowy o intensywnym aromacie kwiatów bzu, zbieranych póŸn¹ wiosn¹ we francuskich Alpach.;pocz¹tkowo s³odkie owoce - liczi, mango, marakuja, cytrusy i miêta, wfinale ods³ania siê kwiat czarnego bzu i owoce leœne.;kremowy, g³adki i mocno owocowy.;przyjemny i d³ugi, mocne nuty kwiatowe, smak kokosa, orzecha laskowego i marakui.;stgermain.jpg;St. Germain;0;1
Strega;W³oski likier zio³owo-korzenny, produkowany od 1860 roku, zawieraj¹cy 40 proc. alkoholu. Wed³ug legendy jego receptura zosta³a stworzona przez czarownice z Benevento. Strega ma ¿ó³tawo-zielon¹ barwê i doœæ intensywny korzenny zapach szafranu, cynamonu i lukrecji. Do podstawowych sk³adników likieru nale¿¹: pio³un, owoc ja³owca i mirra. Zalicza siê go do najlepszych i najdro¿szych w³oskich likierów.;0;0;0;strega.jpg;Strega;0;1
Talisker 10;Sk³ada siêz szeœciu single maltów oddaj¹cych charakter regionu produkcji. Jest najpopularniejsz¹ whisky z portfolio Taliskera.;Dymny i morski, jab³ka, skórka cytrynowa.;Torfowy dym, s³ony, pieprz, ga³ka muszkatowa, delikatne nuty dêbowe.;D³ugi, morska sól, wanilia, torf.;talisker10.jpg;Talisker;0;1
Tanqueray no.10;Posiada unikalne cechy, które odró¿niaj¹ go od innych. Pierwsza to dodatek œwie¿ych owoców – ró¿owego grejpfruta z Florydy i limonek z Meksyku w miejsce powszechnie stosowanych suszonych skórek cytrusowych. Druga to dodatek rumianku, dziêki któremu Tanqueray No. Ten Gin zyskuje smak ³agodny i zrównowa¿ony. Sk³ad ginu zawiera osiem ingrediencji: ja³owiec, korzeñ arcydziêgla, nasiona kolendry, korzeñ lukrecji, œwie¿ego grejpfruta, œwie¿¹ limonkê, œwie¿¹ pomarañczê oraz rumianek. Sk³adniki przed destylacj¹ s¹ macerowane w spirytusie zbo¿owym. Nazwa tej edycji nawi¹zuje do ma³ego alembika o numerze 10 o pojemnoœci 500L, w którym próbowano wielu receptur.;œwie¿y z nutami grejpfruta, limonki, kolendry, ja³owca i kwiatów.;intensywny z akcentami ja³owca, kolendry, pomarañczy, limonki i zió³.;œrednio d³ugi z przewag¹ owoców cytrusowych i ja³owca.;tanqueray.jpg;Tanqueray;0;1
Wyborowa Exquisite;Wyborowa Exquisite ma oddzieln¹ liniê produkcyjn¹ i jest wyrabiana z jednej tylko odmiany ¿yta z jednego tylko pola, które znajduje siê w Turwi pod Poznaniem.;0;0;0;wyborowa-exquisite.jpg;Wyborowa;0;1
Zucca Rabarbaro;W³oski likier o kolorze g³êbokiego i intensywnego hebanu, produkowany z rabarbaru z dodatkiem zió³, nasion kardamonu i innych. Ujawnia wyraŸne aromaty rabarbaru i propolisu, wraz z gronem aromatycznych i leczniczych zió³.;0;0;0;Zucca-Rabarbaro-0,7.jpg;Zucca Rabarbaro;0;1
